product_name,product_price,product_rating,product_review,product_detailed_review,Sentiment
Bosch 60 L Room/Personal Air Cooler,3999,5,super!,This cooler is great. Excellent airflow and the price is amazing. Just love it.,positive
Bosch 60 L Room/Personal Air Cooler,3999,5,awesome,This is the best budget cooler. Nice cooling performance for the price.,positive
Bosch 60 L Room/Personal Air Cooler,3999,3,fair,The quality is good but the air power is only decent.,positive
Bosch 60 L Room/Personal Air Cooler,3999,1,useless product,Very bad product. It's just a fan,negative
Bosch 60 L Room/Personal Air Cooler,3999,3,fair,An okay product.,positive
Bosch 60 L Room/Personal Air Cooler,3999,5,awesome,This cooler is fantastic. Provides good airflow. Highly recommended.,positive
Bosch 60 L Room/Personal Air Cooler,3999,5,highly recommended,This is a very good product. Worth every penny.,positive
Bosch 60 L Room/Personal Air Cooler,3999,3,nice,This cooler is very nice and meets basic cooling needs.,positive
Bosch 60 L Room/Personal Air Cooler,3999,1,unsatisfactory,Very bad cooler. Did not meet my expectations at all.,negative
Bosch 60 L Room/Personal Air Cooler,3999,4,worth the money,This cooler is a decent product for the money.,positive
Bosch 60 L Room/Personal Air Cooler,3999,5,great product,Beautiful product. Good material and perfectly working.,positive
Bosch 60 L Room/Personal Air Cooler,3999,5,mind-blowing purchase,This cooler is simply awesome. A great purchase.,positive
Bosch 60 L Room/Personal Air Cooler,3999,5,highly recommended,Good product. Does its job well.,positive
Bosch 60 L Room/Personal Air Cooler,3999,5,brilliant,Wonderful product. Must buy for everyone.,positive
Bosch 60 L Room/Personal Air Cooler,3999,5,classy product,Nice air cooler. Smart cool breeze producer.,positive
Bosch 60 L Room/Personal Air Cooler,3999,5,must buy!,Awesome product. Works really well.,positive
Bosch 60 L Room/Personal Air Cooler,3999,5,fabulous!,Nice product with great performance.,positive
Bosch 60 L Room/Personal Air Cooler,3999,5,worth every penny,Great cooler for the price. Worth every penny.,positive
Bosch 60 L Room/Personal Air Cooler,3999,5,super!,Nice product. Very effective cooling.,positive
Bosch 60 L Room/Personal Air Cooler,3999,5,great product,Good product. Satisfied with its performance.,positive
MAHARAJA WHITELINE 65 L Desert Air Cooler,7999,5,wonderful,The best product I bought from Flipkart. Works superb.,positive
MAHARAJA WHITELINE 65 L Desert Air Cooler,7999,4,good quality product,Big and wide cooler. Maharaja brand is trustworthy. Good overall.,positive
MAHARAJA WHITELINE 65 L Desert Air Cooler,7999,5,awesome,One of the best air coolers at a reasonable price.,positive
MAHARAJA WHITELINE 65 L Desert Air Cooler,7999,5,excellent,Awesome air cooler. Fulfilled my requirement perfectly.,positive
MAHARAJA WHITELINE 65 L Desert Air Cooler,7999,5,great product,Best purchase after a lot of discussions and reviews.,positive
MAHARAJA WHITELINE 65 L Desert Air Cooler,7999,5,highly recommended,Very nice cooler. Cooling is very good. No noise.,positive
MAHARAJA WHITELINE 65 L Desert Air Cooler,7999,5,awesome,Feedback after using for one week. Cooler is amazing.,positive
MAHARAJA WHITELINE 65 L Desert Air Cooler,7999,3,decent product,Great deal for a 65 L cooler. Sufficient for one room.,positive
MAHARAJA WHITELINE 65 L Desert Air Cooler,7999,5,fabulous!,Bought on a heavy discount. Good quality material.,positive
MAHARAJA WHITELINE 65 L Desert Air Cooler,7999,3,very satisfactory,Well packed. Sturdy body. Relatively less noise.,positive
MAHARAJA WHITELINE 65 L Desert Air Cooler,7999,4,good quality product,Excellent product. Happy with the result. Nice air flow.,positive
MAHARAJA WHITELINE 65 L Desert Air Cooler,7999,5,mind-blowing purchase,Cooler works fine. It is also inverter friendly.,positive
MAHARAJA WHITELINE 65 L Desert Air Cooler,7999,1,waste of money!,Small wire and low motor capacity. Not worth it.,negative
MAHARAJA WHITELINE 65 L Desert Air Cooler,7999,5,must buy!,Perfect product for a large size room.,positive
MAHARAJA WHITELINE 65 L Desert Air Cooler,7999,4,good not best,Average cooling. Maharaja should work on its efficiency.,positive
MAHARAJA WHITELINE 65 L Desert Air Cooler,7999,5,must buy!,Amazing cooling capacity. A big thumbs up.,positive
MAHARAJA WHITELINE 65 L Desert Air Cooler,7999,4,does the job,Good cooler. Meets basic cooling requirements.,positive
MAHARAJA WHITELINE 65 L Desert Air Cooler,7999,3,nice,Received 10 days late. Cooler is okay but switch was damaged.,negative
MAHARAJA WHITELINE 65 L Desert Air Cooler,7999,4,worth the money,Big one. Working well. Hope it lasts long.,positive
MAHARAJA WHITELINE 65 L Desert Air Cooler,7999,4,pretty good,Good product. Nice air flow. Low noise.,positive
Crompton 75 L Desert Air Cooler,9999,5,simply awesome,Really worth every penny. Works like a one ton AC.,positive
Crompton 75 L Desert Air Cooler,9999,4,worth the money,A good desert cooler. Live up to the name.,positive
Crompton 75 L Desert Air Cooler,9999,5,worth every penny,Great packaging and product. Air throw is impressive.,positive
Crompton 75 L Desert Air Cooler,9999,5,fabulous!,Good air flow. Runs silently even at full speed.,positive
Crompton 75 L Desert Air Cooler,9999,5,super!,Crompton brand is reliable. This cooler does an excellent job.,positive
Crompton 75 L Desert Air Cooler,9999,5,terrific purchase,Great cooler at a great price. Highly recommended.,positive
Crompton 75 L Desert Air Cooler,9999,5,classy product,Awesome product. Keeps the room cool all day.,positive
Crompton 75 L Desert Air Cooler,9999,5,perfect product!,Great air throw. Low noise. Best cooling.,positive
Crompton 75 L Desert Air Cooler,9999,5,its not a cooler its ac cooler,Strong solid body. Gives very cool air. Feels like December.,positive
Crompton 75 L Desert Air Cooler,9999,5,wonderful,Very good quality product. Exceeded my expectations.,positive
Crompton 75 L Desert Air Cooler,9999,3,ok kind of cooler,Delivery was on time but the cooler isn't very effective.,positive
Crompton 75 L Desert Air Cooler,9999,1,don't waste your money,Water pump is not throwing enough water. Warm air.,negative
Crompton 75 L Desert Air Cooler,9999,5,worth every penny,Quality product. Easy to set up and use.,positive
Crompton 75 L Desert Air Cooler,9999,4,worth the money,Very nice product. Good and prompt delivery.,positive
Crompton 75 L Desert Air Cooler,9999,5,must buy!,Amazing product. Good air flow and no noise.,positive
Crompton 75 L Desert Air Cooler,9999,5,highly recommended,Must buy product for every household. Works flawlessly.,positive
Crompton 75 L Desert Air Cooler,9999,5,mind-blowing purchase,Fantastic cooler. I am very happy with it.,positive
Crompton 75 L Desert Air Cooler,9999,5,excellent,Best cooler for this price. Happy with it.,positive
Crompton 75 L Desert Air Cooler,9999,5,highly recommended,It is the best cooler. Air throw is strong and cool.,positive
Crompton 75 L Desert Air Cooler,9999,1,unsatisfactory,its vertical swing quality is bad when you set to upward then automatically it goes to down due to this air goes to down we cant set direction as we wantvertical swing is uselesswater filling opening box is too small when u fill with jug many water goes to outside cooler ice chamber is useless ice cube water goes to 88 liter chamber how some ice can cool 88 ltr ice chamber need to direct connect to honeycomb pad and slides that it cool instantlyit make some noise too during,negative
Aroma NB119 Titanium Bluetooth Neckband Bluetooth Headset,499,5,highly recommended,nice,positive
Aroma NB119 Titanium Bluetooth Neckband Bluetooth Headset,499,3,good,good,positive
Aroma NB119 Titanium Bluetooth Neckband Bluetooth Headset,499,5,wonderful,very good product,positive
Aroma NB119 Titanium Bluetooth Neckband Bluetooth Headset,499,5,worth every penny,nice product,positive
Aroma NB119 Titanium Bluetooth Neckband Bluetooth Headset,499,5,terrific,this neckband is very nice full bass,positive
Aroma NB119 Titanium Bluetooth Neckband Bluetooth Headset,499,5,just wow!,battery backup so good,positive
Aroma NB119 Titanium Bluetooth Neckband Bluetooth Headset,499,3,just okay,i am happy,positive
Aroma NB119 Titanium Bluetooth Neckband Bluetooth Headset,499,4,wonderful,good,positive
Aroma NB119 Titanium Bluetooth Neckband Bluetooth Headset,499,5,highly recommended,nice bird,positive
Aroma NB119 Titanium Bluetooth Neckband Bluetooth Headset,499,5,awesome,nice product,positive
Aroma NB119 Titanium Bluetooth Neckband Bluetooth Headset,499,5,worth every penny,good,positive
Aroma NB119 Titanium Bluetooth Neckband Bluetooth Headset,499,4,delightful,this productsounds quality goodbass quality lowbuild quality goodvalue for money yes,positive
Aroma NB119 Titanium Bluetooth Neckband Bluetooth Headset,499,5,excellent,battery good,positive
Aroma NB119 Titanium Bluetooth Neckband Bluetooth Headset,499,5,must buy!,the bast in prices value of money product,positive
Aroma NB119 Titanium Bluetooth Neckband Bluetooth Headset,499,5,mind-blowing purchase,super,positive
Aroma NB119 Titanium Bluetooth Neckband Bluetooth Headset,499,5,classy product,nice,positive
Aroma NB119 Titanium Bluetooth Neckband Bluetooth Headset,499,5,classy product,product is very nice,positive
Aroma NB119 Titanium Bluetooth Neckband Bluetooth Headset,499,5,fabulous!,very nice,positive
Aroma NB119 Titanium Bluetooth Neckband Bluetooth Headset,499,5,mind-blowing purchase,good product battery backup is good and sound quality is very very nice,positive
Aroma NB119 Titanium Bluetooth Neckband Bluetooth Headset,499,5,must buy!,super sounds,positive
OnePlus Bullets Wireless Earphones,1999,5,fabulous!,sound vocals are crysp clear until 95 volume55 bass is also good455 battery backup is great55 quality of headphones is great55 overall its a great product for my povi literally loved it its not for pro gamers its only for oneplus music lovers,positive
OnePlus Bullets Wireless Earphones,1999,5,mind-blowing purchase,nice headphone value for money product bass is very good vocal clear build kawlity is very good highly recommend,positive
OnePlus Bullets Wireless Earphones,1999,5,great product,totallyworth the amount i am fully satisfied with the product its worth evry penny but i would have been more satisfied if there was a cover for the charging port as wellas dust can easily go inside the port otherwise great product by oneplus ordered and got it delivered before 24 hours i would submit another review after 1 month todays 4722,positive
OnePlus Bullets Wireless Earphones,1999,4,nice product,sound quality is excellent bass is awesome balanced bass and treblebuild quality is good but one plus z bass edition has better build quality in comparison of thisbattery backup is awesome as per commitment it is actual approximately 28 hourswire texture looks premium quality very comfortableoverall value for money neckband wireless earphone in this price segment dont go with bad reviews its really awesome,positive
OnePlus Bullets Wireless Earphones,1999,5,simply awesome,excellent product superb bass worth for money full clear and crisp sound battery is very powerful,positive
OnePlus Bullets Wireless Earphones,1999,5,must buy!,super bass an sound quality super 5 ster oneplus super battery backup super powered bass boos an sound,positive
OnePlus Bullets Wireless Earphones,1999,5,simply awesome,writing this review after using this product for two weeks so u can find ur neck band prose a loude and clear music amazing bass quality 124mm driv just blows up mind clear instrument sounds good batry back up nice build quality and hand free usage design of buds is good fits in ear clear voice calls cons heavy bass sometimes suppress vocals absence of quick switch option blutooth v5oover all like me other bass or loud music lovers dont think jus,positive
OnePlus Bullets Wireless Earphones,1999,5,simply awesome,superb product actually i wont prefer wireless headphones but i loved this one base i nice not too much high and vocals are superb just go for it,positive
OnePlus Bullets Wireless Earphones,1999,5,mind-blowing purchase,this is worth every penny you spend i doesnt disappoint in any way delivery was 2 days and charged it before using and i have been using it for 10 hours straight and its still 90 charge i dont know currently how much time it would last though i wont count till then because i trust the brand and so far battery looks awesomethe sound quality is different from the boat rockerz i was using as it consists more mettalic type of bass and it feels amazing its easy to use by just seperatin,positive
OnePlus Bullets Wireless Earphones,1999,3,does the job,as a matter of giving review about this product i m using dis from three week so giving 3 out of 5 because one plus didnt improve the sound quality at all they r giving same sound quality as the previous version except the bass bass is little bit high and most of all the battery life is good from the last version base edition but not as good as they are claiming 30 hours it is hardly giving 1516hours battery backup thats why i am giving the 3 stars for same sound quality a,positive
OnePlus Bullets Wireless Earphones,1999,5,best in the market!,am never feel the experience of wireless earphones before it so its my first bought to go for oneplus brand even its from china well i love the sound quality still have to check the battery backup but its works awesome very light weight price is need to little low but its fine to go for it and i loved it,positive
OnePlus Bullets Wireless Earphones,1999,4,good quality product,actually nothing changed too much in sound there is change only in size of ear buds and button i have both oneplus z bass edition and this new one but i found almost same even fitting of earbud is good of previous one if you have z bass edition then i will not recommend you to upgrade but if you want more battery backup then you can go for it,positive
OnePlus Bullets Wireless Earphones,1999,5,classy product,wireless bullets are first impressions are impressive this price never come this price with this quality and sound was awesome1 sound was amazing i am sony wire headset since 5 years i will see lot of head set i dont like 2 build quality was good3 actually iam bass lover iam waiting for best bass in wireless bullets with best quality this is right one for bass lovers4 price is worth bull5 you can choose this one,positive
OnePlus Bullets Wireless Earphones,1999,1,worthless,dont buy this product during the call other ends voice is very low and on the top of flipkart will never support in rufunds this is geniune feedback after using the working product after few days for music listening this headphone has great voice output,negative
OnePlus Bullets Wireless Earphones,1999,5,fabulous!,i will say in one word it is fantastic awesome fabulous marvellous it is one of the good best bluethoot neckband because of the sound the bass the mic the battery the call quality the way of design is very very very good for the year of 2022 the oneplus bluethoot is more far better than other bluethoot neckband so it called by the people one is all i e oneplus bluethoot wireless z2 overall it is very good product so i am really happy fully satisfied with this product so guys it,positive
OnePlus Bullets Wireless Earphones,1999,3,fair,in summary good built comfortable and decent battry backup with bass heavy soundso you will not get a balanced sound bass is present in every bit of voice and volume level and i dont like the muffled bass voices while listning songs or watching movies unless its an pop song but if you are looking for decent built and very good comfort for all day use then you can buy them definitely,positive
OnePlus Bullets Wireless Earphones,1999,5,brilliant,battery backup excellent charging speed excellent sound quality excellent build quality very goodaudio of video latency fair fair good very good excellent,positive
OnePlus Bullets Wireless Earphones,1999,2,moderate,1 in terms of build quality poor oneplus bullets wireless z was 10 times better then this price was same of this but that was more comfortable around your neck the quality of rubbing so good but in this one you will find no difference between oneplus and any other brands neck band2 connectivity i bought it recently 2 days back and im already facing connectivity issue after detaching these ear burds it should be auto connect to your phone but sometimes its not working also it,negative
OnePlus Bullets Wireless Earphones,1999,5,fabulous!,sound quality is good but on full volume trouble feels on high side mid volume bass and trouble sounds up to the mark you cant differentiate sound with wired earphone or oneplus bullets z2 on 7080 volume if you love bass music like then go for it battery backup is excellent charge for 10 minutes and it last for 16 to 18 hours easily in bulid quality it feels premium and light weight for sure cons 1 if you have old device or without dolby atmos then the sound quality feels lik,positive
OnePlus Bullets Wireless Earphones,1999,5,wonderful,featuresgood sound quality not so high bass but crystal clear sounds55decent designaffordable priceseamless connectivitymagnetic power onoff it takes less than 1 second to connect with paired device after separating both magnetic earbudsdual pairing 1 mobile1 pc at same timelatest usb type c chargingaac high quality audio supportedfast charging supported 20 minutes charge 20 hrs playback timetheres no special game mode but its latency is less than other headphone,positive
Mivi Roam2 5 W Bluetooth Speaker,1099,3,just okay,amazing sound amazing design and amazingly made in india bass is not at all what it should be else its all good,positive
Mivi Roam2 5 W Bluetooth Speaker,1099,3,good,at the mid volume volume is not so much high bass is super but the sound is not so you should try another one battery back is good not seeming truly 5w speaker you have to stay it on minimum 70 for better sound it has aslo no fm microsd card slot boat stone speakers are more sound than this one,positive
Mivi Roam2 5 W Bluetooth Speaker,1099,5,worth every penny,i got it in green color it looks awesome pictures dont do justice to how good it looks the sound is great at this price pointthe connectivity is sometimes an issue but it connects properly 8 out of 10 times the other 2 times you might have to disconnect and connect again it will then work like a charmhappy to get a good product that is made in indiakeep up the good work mivi,positive
Mivi Roam2 5 W Bluetooth Speaker,1099,4,nice product,4 star is for bass and a thumping quality sound kind of a woofer sound that you can only get in boat stone 190f and that the only thing which lead me to boat rather than mivi despite of mivis killer battery backup build quality and a cool designif you are a bass lover like me put a stone on your heart go for boat stone 190f yes boat has lesser battery backup and not a good looking design but trust me boat has thumping bass that the only thing mivi lack ofyes you will get decent bass r,positive
Mivi Roam2 5 W Bluetooth Speaker,1099,5,great product,i am giving this review after two weeks of continues use1 battery backup minimum 1819hrs2 built quality 553 sound quality 554 bass 55 this is the best option in this price range thank you very much flipkart for super fast deliveryi am totally happy,positive
Mivi Roam2 5 W Bluetooth Speaker,1099,5,fabulous!,firstly thanks to flipkart delivering the red speaker within one day already had the blue one before now what to say got the red one 899 during salebeing an indian and an underrated brand mivi has done well their box is stylish the speaker has quality sound though over 90 the sound can sometimes break the bass is awesome the product looks is classy and the speaker is very easy to carrynow buying two speakers and connecting them simultaneously tws mode to activate pr,positive
Mivi Roam2 5 W Bluetooth Speaker,1099,5,fabulous!,after going through so may reviews i decided to go for mivi roam 2 using vouchers i got it for 92179 supercoins in non sale days if you can wait for sale the price may drop somewhere around 899 coming to review part i would share my experience as this is my first bluetooth speakerpros1 sound quality is awesome best you can get under 9992 bass is fabulous the thumping bass could be felt considering the price range the bass is just awesome3 battery backup is also excellent,positive
Mivi Roam2 5 W Bluetooth Speaker,1099,5,simply awesome,i got it today at first sight i liked it very much quality of the mic is good for calls my friends have mi photron speakers and i can confirm that it is better in both build and sound quality than those speakers batteryyet to test is something that makes it ahead of competition,positive
Mivi Roam2 5 W Bluetooth Speaker,1099,5,classy product,this is the best budget bluetooth and it is also easy to carry anywhere i would say this is the best product which is very useful in trips and travelling,positive
Mivi Roam2 5 W Bluetooth Speaker,1099,1,worst experience ever!,everything works fine till last day and i felt good made in india product as well as awesome product i buyed i thoughtbut its a misery battery last only 10 hrs i played 80 percent volumesad part is when its drain to 20 twice the time it notifies battery low i thought i can charge when it reach too 5 but its trun off automatically with sad saying lines by mivii dont know why turning off in 20because they cheat try buying brand its useless dont know how mu,negative
Mivi Roam2 5 W Bluetooth Speaker,1099,5,terrific purchase,this is my 2nd mivi roam speaker it has good quality sound with awasome battery backup as well as superb design and build quality,positive
Mivi Roam2 5 W Bluetooth Speaker,1099,4,pretty good,great bass and with amazing soundi got this at only 699 at this price mivi roam 2 is simply awesome pros1 great sound quality2 good base3 good design and body material used is of good quality4 water resistant5 very handycons1 sound gets distorted at max volume recommend it to use at 80 volume2 bluetooth connectivity could have been better connectivity breaks if between two rooms,positive
Mivi Roam2 5 W Bluetooth Speaker,1099,5,"terrific purchase, indian product, waoo that's great.",i swear it is the best speaker in the market in this surprising price mivi is doing great the made in india is paving a way forwards for a greater challenge in the market i have previously bought a portrnic speaker in the very high range of 1900 and i can surely say with confidence this speaker is best than that of 1900 go for it,positive
Mivi Roam2 5 W Bluetooth Speaker,1099,5,perfect product!,the sound quality is pretty nice bass couldve been a bit better and sound couldve been louder but for the form its really good and the battery lasts for a very long duration even with regular use for 4 hours every day at around 80 volume i am able to make it up to 56 days without having to hook up the charger id recommend getting this for its battery backup alone the power button takes a while to turn it off and the buttons are quite stiff but apart from these minor inconven,positive
Mivi Roam2 5 W Bluetooth Speaker,1099,5,fabulous!,awesome product by mivi sound quality is awesome bass is balanced vocals are clear if you are watching movies in phone laptops etc after connecting this speaker overall great,positive
Mivi Roam2 5 W Bluetooth Speaker,1099,5,terrific,order placed on 24th and got it today 27th firstly thanks for the fast delivery had 70 charge when received and used for around 6 hours continuouslymid to high volume and still there is no decrease in the charge so i am happy with the battery back up will update later also the speaker is very convenient to carrie because of its weight and size i loved the sound quality and base it is value for money for 899 easy to connect and all the buttons are working properly since ther,positive
Mivi Roam2 5 W Bluetooth Speaker,1099,5,must buy!,hey mivi i just want to review this product really quickand i have to say the product is so damn amazing including the product i liked those cards and message you wrote for us it was really unique that a brand is connecting with their customers in a very user friendly way coming to the product which is extremely important everything is amazing but only con is power button is somehow hard to press and takes long to power off else everything is fine the sound,positive
Mivi Roam2 5 W Bluetooth Speaker,1099,5,terrific purchase,its really a very good sounding speaker and decent not heavy bass most strong point of this speaker is excellent battery backup it beats every bluetooth speaker under its price segment nothing come close to it in battery backupworks excellent with every computerlaptop and smartphones having bluetoothhighly recommended very good built bluetooth speaker with good base,positive
Mivi Roam2 5 W Bluetooth Speaker,1099,5,brilliant,after using one monthmy review about this productgood sound clarity bass reflex also perfect battery backup is amazing i love this mivi roam 2i just this to everyone who needs a portable bluetooth speaker,positive
Mivi Roam2 5 W Bluetooth Speaker,1099,4,does the work,pretty okay since its mono and 5w so cant complain does your work if you really want to buy something of quality then something else stereohigher power better sound quality in higher price segment this one does the work in case your work is only to listen via a speaker rather than a laptop or a mobile feeble voicepros build quality connectivity bass battery backup looks features call quality micspeaker both is goodcons low voice cannot be counted in cons actuall,positive
Canon EOS 3000D DSLR Camera,30999,3,decent product,this camera is best for casual photographyif you want to do professional photography then please avoid this camera,positive
Canon EOS 3000D DSLR Camera,30999,4,very good,good,positive
Canon EOS 3000D DSLR Camera,30999,5,fabulous!,very good product,positive
Canon EOS 3000D DSLR Camera,30999,1,hated it!,very bad product,negative
Canon EOS 3000D DSLR Camera,30999,5,best in the market!,nice,positive
Canon EOS 3000D DSLR Camera,30999,5,must buy!,nice,positive
Canon EOS 3000D DSLR Camera,30999,5,great product,my canon camera sabse best,positive
Canon EOS 3000D DSLR Camera,30999,4,nice product,for beginners level is good product,positive
Canon EOS 3000D DSLR Camera,30999,5,just wow!,super camera in this range however so upset with flipkart service they dont even provide a bag or a card with this camera,positive
Canon EOS 3000D DSLR Camera,30999,4,good choice,my first dslr camera photo is very good this camera has some photo taken from camera,positive
Canon EOS 3000D DSLR Camera,30999,5,perfect product!,best for new user,positive
Canon EOS 3000D DSLR Camera,30999,5,excellent,nice product price rate,positive
Canon EOS 3000D DSLR Camera,30999,2,not good,camera quality is not good it takes lots of time to get the picture out like to say go for the higher range rather purchasing and visiting your money in this bsnl,negative
Canon EOS 3000D DSLR Camera,30999,5,super!,good camera,positive
Canon EOS 3000D DSLR Camera,30999,2,expected a better product,review photosnot good as expected,positive
Canon EOS 3000D DSLR Camera,30999,4,nice product,very nice,positive
Canon EOS 3000D DSLR Camera,30999,5,classy product,very nice camera love it,positive
Canon EOS 3000D DSLR Camera,30999,1,not recommended at all,bad,negative
Canon EOS 3000D DSLR Camera,30999,5,must buy!,this product very good and high quality image shoting and captchar full hd camera and long time usge easly and onther people usge party marrige and place usage,positive
Canon EOS 3000D DSLR Camera,30999,1,absolute rubbish!,very very poor quality,negative
Hindware Nevio Plus 60  Auto Clean Wall Mounted Chimney,13999,5,best in the market!,bought in the big billion days i got it for 9k awesome purchase paisa vasool,positive
Hindware Nevio Plus 60  Auto Clean Wall Mounted Chimney,13999,1,terrible product,istallation was poor smoke leaking out from chimney and exhaust pipe joint not serving the purpose,negative
Hindware Nevio Plus 60  Auto Clean Wall Mounted Chimney,13999,1,did not meet expectations,installation is very very very n very bad experience,negative
Hindware Nevio Plus 60  Auto Clean Wall Mounted Chimney,13999,4,good choice,product is good noise level high in third modewe installed ourselves because there is no need technical knowledge to install this chemeny thus we save installation charges,positive
Hindware Nevio Plus 60  Auto Clean Wall Mounted Chimney,13999,5,super!,awesome product best product for your kitchen,positive
Hindware Nevio Plus 60  Auto Clean Wall Mounted Chimney,13999,4,wonderful,nice product,positive
Hindware Nevio Plus 60  Auto Clean Wall Mounted Chimney,13999,1,unsatisfactory,product is quite good the rating which i am giving is regarding the service which is provided by flipkartworst of its kindthey automatically cancelled the installation by themselves and thier customer support is horrible,positive
Hindware Nevio Plus 60  Auto Clean Wall Mounted Chimney,13999,4,really nice,very nice product in this price range i am satisfied with this product till date,positive
Hindware Nevio Plus 60  Auto Clean Wall Mounted Chimney,13999,4,good choice,bought the 2019 60cm model at 9k working as described but i will not recommend hindware products they didnt come for demo and installation me and my father installed it together it wasnt easy but not hard either overall a good purchase,negative
Hindware Nevio Plus 60  Auto Clean Wall Mounted Chimney,13999,4,good choice,its nice working i got it for 8250installation took 700i bought alluminium pipe of 12 feet at 825but installation boy asked for the pipe 1400purchase pipe online we can fit both chimney and pipeno need of installation,positive
Hindware Nevio Plus 60  Auto Clean Wall Mounted Chimney,13999,5,brilliant,i am from dhenkanal odisha on time delivery installation superb product with touch motion control 2 led lights are very useful,positive
Hindware Nevio Plus 60  Auto Clean Wall Mounted Chimney,13999,1,utterly disappointed,flipkart 455 hindware chimney 15after using 1 month it is giving heavy electric shock if anyone try to touch it its electric circuit is cheap dangerous for home uses i regret why i brought it,negative
Hindware Nevio Plus 60  Auto Clean Wall Mounted Chimney,13999,1,terrible product,installation never happened for the product from your end tried calling 100 times to support team every single time they gave hope of resolving the issue but never happened,positive
Hindware Nevio Plus 60  Auto Clean Wall Mounted Chimney,13999,1,very poor,it produces lot of noise so plz think before buy,positive
Hindware Nevio Plus 60  Auto Clean Wall Mounted Chimney,13999,4,good choice,best,positive
Hindware Nevio Plus 60  Auto Clean Wall Mounted Chimney,13999,5,great product,worthable for money and the service is very good,positive
Hindware Nevio Plus 60  Auto Clean Wall Mounted Chimney,13999,4,very good,product is good but the installation is bad since they were asking more money and not polite,negative
Hindware Nevio Plus 60  Auto Clean Wall Mounted Chimney,13999,5,excellent,very nice in this range,positive
Hindware Nevio Plus 60  Auto Clean Wall Mounted Chimney,13999,5,super!,amazing,positive
Hindware Nevio Plus 60  Auto Clean Wall Mounted Chimney,13999,5,perfect product!,installation good,positive
Faber Hood Mercury Pro HC SC FL BK 60 Auto Clean Wall Mounted Chimney,9990,5,awesome,good gesture and very silent at top fan speed and installation is well done bye mr fareed he is best for chimney installation,positive
Faber Hood Mercury Pro HC SC FL BK 60 Auto Clean Wall Mounted Chimney,9990,5,brilliant,chimney is fabulous in this rangehowever the charges for installation is high if masonary work like hole on wall is included in the charges than its ok other wise it is too much because in installation man can screw three screws and hang chimney and take extra charge for other standard fitting must include masonary work,positive
Faber Hood Mercury Pro HC SC FL BK 60 Auto Clean Wall Mounted Chimney,9990,5,great product,product looks good will update another review after one month of usage genuine care munusamy has done a great job in installation well trained and experienced technician installed on the next day thank you,positive
Faber Hood Mercury Pro HC SC FL BK 60 Auto Clean Wall Mounted Chimney,9990,5,simply awesome,go for it better option,positive
Faber Hood Mercury Pro HC SC FL BK 60 Auto Clean Wall Mounted Chimney,9990,5,brilliant,very good chimney and installation done quickly,positive
Faber Hood Mercury Pro HC SC FL BK 60 Auto Clean Wall Mounted Chimney,9990,5,super!,chimney is good fully sensor based just wave your hand it will lighten up your chimney awesome suction power is good no more cooking smell from other rooms its new just a week of use lets hope it will last a decade atleast,positive
Faber Hood Mercury Pro HC SC FL BK 60 Auto Clean Wall Mounted Chimney,9990,5,highly recommended,installation is done and it is very satisfactory,positive
Faber Hood Mercury Pro HC SC FL BK 60 Auto Clean Wall Mounted Chimney,9990,5,mind-blowing purchase,amazing product,positive
Faber Hood Mercury Pro HC SC FL BK 60 Auto Clean Wall Mounted Chimney,9990,5,just wow!,satisfied with the services from vac enterprise mr prasadthe product is good and worth every penny,positive
Faber Hood Mercury Pro HC SC FL BK 60 Auto Clean Wall Mounted Chimney,9990,4,good quality product,decent product,positive
Faber Hood Mercury Pro HC SC FL BK 60 Auto Clean Wall Mounted Chimney,9990,4,worth the money,good gesture control is a great feature,positive
Faber Hood Mercury Pro HC SC FL BK 60 Auto Clean Wall Mounted Chimney,9990,5,must buy!,nice product,positive
Faber Hood Mercury Pro HC SC FL BK 60 Auto Clean Wall Mounted Chimney,9990,4,worth the money,has everything needed nice product,positive
Faber Hood Mercury Pro HC SC FL BK 60 Auto Clean Wall Mounted Chimney,9990,5,excellent,good service experience,positive
Faber Hood Mercury Pro HC SC FL BK 60 Auto Clean Wall Mounted Chimney,9990,5,brilliant,excellent product worth it buying thanks to faber and flipkart for this product,positive
Faber Hood Mercury Pro HC SC FL BK 60 Auto Clean Wall Mounted Chimney,9990,5,best in the market!,nice product,positive
Faber Hood Mercury Pro HC SC FL BK 60 Auto Clean Wall Mounted Chimney,9990,5,brilliant,product looks good and fits nice with the kitchen installation was quick technician yuvaraj did a great job overall experience is good,positive
Faber Hood Mercury Pro HC SC FL BK 60 Auto Clean Wall Mounted Chimney,9990,5,excellent,nice mercury chimney product technician sugumar nice demo,positive
Faber Hood Mercury Pro HC SC FL BK 60 Auto Clean Wall Mounted Chimney,9990,1,did not meet expectations,it was good,positive
Faber Hood Mercury Pro HC SC FL BK 60 Auto Clean Wall Mounted Chimney,9990,4,very good,good iam ok,positive
Whirlpool CLASSIC CF 60 BK HOOD 60 cm 750 m??/hr Wall Mounted Chimney,5298,4,good choice,ok,positive
Whirlpool CLASSIC CF 60 BK HOOD 60 cm 750 m??/hr Wall Mounted Chimney,5298,5,brilliant,good product,positive
Whirlpool CLASSIC CF 60 BK HOOD 60 cm 750 m??/hr Wall Mounted Chimney,5298,4,value-for-money,good,positive
Whirlpool CLASSIC CF 60 BK HOOD 60 cm 750 m??/hr Wall Mounted Chimney,5298,5,fabulous!,super best price good quality but duct pipes is not included,positive
Whirlpool CLASSIC CF 60 BK HOOD 60 cm 750 m??/hr Wall Mounted Chimney,5298,5,fabulous!,so good,positive
Whirlpool CLASSIC CF 60 BK HOOD 60 cm 750 m??/hr Wall Mounted Chimney,5298,1,terrible product,third class chimneyplz never buy iteven no installation,positive
Whirlpool CLASSIC CF 60 BK HOOD 60 cm 750 m??/hr Wall Mounted Chimney,5298,5,best in the market!,exellent,positive
Whirlpool CLASSIC CF 60 BK HOOD 60 cm 750 m??/hr Wall Mounted Chimney,5298,5,worth every penny,miid price good product,positive
Whirlpool CLASSIC CF 60 BK HOOD 60 cm 750 m??/hr Wall Mounted Chimney,5298,5,just wow!,very good,positive
Whirlpool CLASSIC CF 60 BK HOOD 60 cm 750 m??/hr Wall Mounted Chimney,5298,1,did not meet expectations,very bad product i return but flipkart didnt dont buy it,negative
Whirlpool CLASSIC CF 60 BK HOOD 60 cm 750 m??/hr Wall Mounted Chimney,5298,1,very poor,power prodect blower 6 flexibil hose mising box is repaking,positive
Whirlpool CLASSIC CF 60 BK HOOD 60 cm 750 m??/hr Wall Mounted Chimney,5298,5,mind-blowing purchase,good looking product,positive
Whirlpool CLASSIC CF 60 BK HOOD 60 cm 750 m??/hr Wall Mounted Chimney,5298,5,just wow!,very good product,positive
Whirlpool CLASSIC CF 60 BK HOOD 60 cm 750 m??/hr Wall Mounted Chimney,5298,1,terrible product,dont bye this product,negative
Whirlpool CLASSIC CF 60 BK HOOD 60 cm 750 m??/hr Wall Mounted Chimney,5298,5,fabulous!,it is good to see,positive
Whirlpool CLASSIC CF 60 BK HOOD 60 cm 750 m??/hr Wall Mounted Chimney,5298,5,great product,very good in low budget,positive
Whirlpool CLASSIC CF 60 BK HOOD 60 cm 750 m??/hr Wall Mounted Chimney,5298,4,worth the money,product is good in this price,positive
Whirlpool CLASSIC CF 60 BK HOOD 60 cm 750 m??/hr Wall Mounted Chimney,5298,5,wonderful,good productsbut pip not inbult,positive
Whirlpool CLASSIC CF 60 BK HOOD 60 cm 750 m??/hr Wall Mounted Chimney,5298,3,does the job,verry good,positive
Whirlpool CLASSIC CF 60 BK HOOD 60 cm 750 m??/hr Wall Mounted Chimney,5298,3,fair,worth for money paid installation no pipe in box,negative
boAt Rockerz 255 Bluetooth Earphones,799,5,just wow!,such an amazing product sound quality is so awesome battery life is really amazing and as per my expectations its give a super punch of bass very very nice and highly recommended,positive
boAt Rockerz 255 Bluetooth Earphones,799,5,fabulous!,product is good sound quality is also good but if you increase the sound level upto 100 but sound quality is no issue but sound is so amazing and the charge pickup is so fast in 2 hours i have full charge this is my first priority and battery backup is also good upto 10 hours continue use i am happy with the product,positive
boAt Rockerz 255 Bluetooth Earphones,799,5,great product,bass sound good and the sound was clean and clear only some times sound problem but the overall product is very very good and delivery time is very very fast also,positive
boAt Rockerz 255 Bluetooth Earphones,799,5,excellent,ASAP buy Bluetooth Headset this is great product,positive
boAt Rockerz 255 Bluetooth Earphones,799,5,mind-blowing purchase,music quality is very nice i will suggest to buy this product battery backup is good and its charging time is fast and its look is also good i will give 55 for this product,positive
boAt Rockerz 255 Bluetooth Earphones,799,5,awesome,super product super sound and battery backup is so good,positive
boAt Rockerz 255 Bluetooth Earphones,799,5,best in the market!,best price in the product but not very very nice nice and good battery life in a day and night in a year and I love you so much I love this product and thanks,positive
boAt Rockerz 255 Bluetooth Earphones,799,5,must buy!,music quality is very nice i will suggest to buy this product battery backup is good and its charging time is fast and its look is also good i will give 55 for this product,positive
boAt Rockerz 255 Bluetooth Earphones,799,2,Disappointed with sound quality,The sound quality of these earphones is not impressive. The bass is muddy,negative
boAt Rockerz 255 Bluetooth Earphones,799,1,Poor battery life and build quality,The battery life of these earphones is much shorter than advertised,negative
boAt Rockerz 255 Bluetooth Earphones,799,2,Not durable,These earphones stopped working after a few weeks of use. The sound in one earbud became significantly quieter,negative
boAt Rockerz 255 Bluetooth Earphones,799,2,Uncomfortable fit,The earphones don't fit securely and tend to fall out,negative
boAt Rockerz 255 Bluetooth Earphones,799,3,Average performance,These earphones perform adequately for casual listening.,positive
boAt Rockerz 255 Bluetooth Earphones,799,5,excellent,product is very good and better than the other products ,positive
boAt Rockerz 255 Bluetooth Earphones,799,5,fabulous!,this is super amoled phone and this is the super amoled phone and this phone is best in the world and this phone is best in the world and this phone is best in the world,positive
boAt Rockerz 255 Bluetooth Earphones,799,5,simply awesome,product is fancy and easy to use. Love to recommend others,positive
boAt Rockerz 255 Bluetooth Earphones,799,5,great product!,this is super amoled phone and this is the super amoled phone and this phone is best in the world and this phone is best in the world and this phone is best in the world,positive
boAt Rockerz 255 Bluetooth Earphones,799,5,best in the market!,It's easy to connect and great designed,positive
boAt Rockerz 255 Bluetooth Earphones,799,5,Excellent,"Loved the sound, it has collest desgin",positive
boAt Rockerz 255 Bluetooth Earphones,799,1,Poor battery,Will never buy this product worst battery,negative
DJI Mavic Air 2 Drone,89999,5,Amazing features!,This drone has amazing features like obstacle avoidance and a long-range control. The camera quality is exceptional,positive
DJI Mavic Air 2 Drone,89999,4,Good drone for the price,Good drone overall. The camera quality is excellent,positive
DJI Mavic Air 2 Drone,89999,5,Perfect for beginners and pros alike!,I am very satisfied with this drone. It's easy to fly,positive
DJI Mavic Air 2 Drone,89999,5,Top-notch drone!,The build quality of this drone is excellent. It feels sturdy and well-made. The camera stabilization is top-notch,positive
DJI Mavic Air 2 Drone,89999,3,Good drone but overpriced,The drone itself is good but I expected better battery life for the price. The camera quality is great,positive
DJI Mavic Air 2 Drone,89999,5,Excellent purchase!,This drone is everything I wanted and more. It flies smoothly,positive
DJI Mavic Air 2 Drone,89999,5,Worth the investment!,For anyone serious about aerial photography,positive
DJI Mavic Air 2 Drone,89999,5,Outstanding performance!,This drone performs exceptionally well. It's fast,positive
DJI Mavic Air 2 Drone,89999,4,Great drone with minor issues,This drone is great overall. The camera quality is superb,positive
DJI Mavic Air 2 Drone,89999,5,Awesome drone!,This drone is a beast! It's powerful,positive
DJI Mavic Air 2 Drone,89999,5,Amazing drone for photography!,The camera on this drone is incredible. It captures stunning photos and videos with great clarity and color. The drone itself is easy to maneuver and feels very stable.,positive
DJI Mavic Air 2 Drone,89999,5,Excellent!,Very good product worth every penny!,positive
DJI Mavic Air 2 Drone,89999,4,Good drone could be better,The drone is good but the battery life could be better. The camera quality is excellent,positive
DJI Mavic Air 2 Drone,89999,2,Disappointing experience,The drone had connectivity issues right out of the box. Despite trying different settings,negative
DJI Mavic Air 2 Drone,89999,1,Regret buying this drone,The camera quality is poor compared to my expectations. The photos lack sharpness,negative
DJI Mavic Air 2 Drone,89999,2,Overpriced and underwhelming,This drone is overpriced for what it offers. The build quality feels flimsy,negative
DJI Mavic Air 2 Drone,89999,2,Unreliable drone,The drone frequently loses connection mid-flight,negative
DJI Mavic Air 2 Drone,89999,3,Decent but not great,The drone is decent overall,positive
DJI Mavic Air 2 Drone,89999,5,Fantastic drone!,Excellent drone with great camera quality and flight performance. The battery life is decent,positive
DJI Mavic Air 2 Drone,89999,5,Perfect for filming!,This drone is perfect for filming. The camera quality is amazing,positive
